Q,A,I
"các trường đại_học khác có ngành công_nghệ_thông_tin ( cntt ) , trường đhbk chỉ có hai ngành : khoa_học máy_tính ( khmt ) và ngành kỹ_thuật máy_tính ( ktmt ) ._vậy hai ngành này có giống với ngành cntt của các trường đh khác không ?","tại đh bách_khoa , khoa kh & kt máy_tính , đào_tạo 2 ngành khoa_học máy_tính và kỹ_thuật máy_tính . từ khóa 2019 , ngành khoa_học máy_tính bao_gồm 6 chuyên_ngành : 1 ) khoa_học máy_tính , 2 ) công_nghệ_dữ_liệu bảo_mật & trí_tuệ kinh_doanh , 3 ) công_nghệ_phần_mềm , 4 ) mật_mã và an_ninh mạng_,_5 ) trí_tuệ nhân_tạo và ứng_dụng , 6 ) xử_lý ảnh và thị_giác máy_tính ._ngành kỹ_thuật máy_tính bao_gồm 3 chuyên_ngành : 1 ) kỹ_thuật máy_tính , 2 ) hệ_thống tính_toán hiện_đại , 3 ) internet vạn_vật và an_ninh mạng . có_thể hiểu , công_nghệ_thông_tin là tên gọi chung , chỉ 1 nhóm môn_học mà trong quá_trình học 1 trong 2 ngành kể trên , các em sẽ được cung_cấp kiến_thức về nó .",4
"các trường đại_học khác có ngành công_nghệ_thông_tin ( cntt ) , trường đhbk chỉ khmt hai ngành : khoa_học máy_tính ( có ) và cntt kỹ_thuật máy_tính ( ktmt ) ._vậy hai ngành này có giống với ngành ngành của các trường đh khác không ?","tại đh bách_khoa , khoa kh & kt máy_tính , 2 ngành khoa_học máy_tính và máy_tính . từ khóa 2019 , ngành khoa_học máy_tính bao_gồm 6 chuyên_ngành : ) khoa_học máy_tính , 2 ) công_nghệ_dữ_liệu bảo_mật & kinh_doanh , 3 ) công_nghệ_phần_mềm , 4 ) mật_mã và an_ninh mạng_,_5 ) trí_tuệ nhân_tạo và ứng_dụng , 6 ) xử_lý ảnh và thị_giác máy_tính ._ngành kỹ_thuật máy_tính bao_gồm 3 chuyên_ngành : 1 ) kỹ_thuật máy_tính , 2 ) hệ_thống tính_toán hiện_đại , 3 ) internet vạn_vật và mạng . có_thể hiểu , công_nghệ_thông_tin là gọi chung , chỉ 1 nhóm môn_học trong quá_trình học 1 trong 2 ngành kể trên , các em được kiến_thức về nó .",4
"các trường khác có ngành công_nghệ_thông_tin ( cntt ) , trường đhbk chỉ có hai ngành : khoa_học máy_tính ( khmt ) và ngành kỹ_thuật máy_tính ( ktmt ) ._ hai ngành này có giống với ngành cntt của các đh khác không ?","tại đh bách_khoa , khoa kh & kt máy_tính , đào_tạo 2 ngành khoa_học máy_tính và kỹ_thuật máy_tính . từ khóa 2019 , ngành khoa_học máy_tính bao_gồm hexad chuyên_ngành : 1 ) khoa_học máy_tính , 2 ) công_nghệ_dữ_liệu bảo_mật & trí_tuệ kinh_doanh , trine ) công_nghệ_phần_mềm , quatern ) mật_mã và an_ninh mạng_,_quintet ) trí_tuệ nhân_tạo và ứng_dụng , sise ) xử_lý ảnh và thị_giác máy_tính ._ngành kỹ_thuật máy_tính bao_gồm iii chuyên_ngành : one ) kỹ_thuật máy_tính , 2 ) hệ_thống tính_toán hiện_đại , ternary ) internet vạn_vật và an_ninh mạng . có_thể hiểu , công_nghệ_thông_tin là tên gọi chung , chỉ 1 nhóm môn_học mà trong quá_trình học one trong 2 ngành kể trên , các em sẽ được cung_cấp kiến_thức về nó .",5
"các trường đại_học khác có ngành công_nghệ_thông_tin ( cntt ) , trường đhbk chỉ có hai ngành : khoa_học máy_tính ( khmt ) và ngành kỹ_thuật máy_tính ( ktmt ) ._vậy hai ngành này có giống với ngành cntt của các trường đh khác không ?","tại đh bách_khoa , nhân_tạo kh & kt máy_tính , đào_tạo 2 ngành sẽ máy_tính và kỹ_thuật máy_tính . từ khóa 2019 , ngành khoa_học máy_tính bao_gồm máy_tính chuyên_ngành : 1 ) khoa_học 6 , 2 ) công_nghệ_dữ_liệu bảo_mật & trí_tuệ kinh_doanh , 3 ) công_nghệ_phần_mềm , 5 ) mật_mã và kiến_thức mạng_,_4 ) trí_tuệ khoa và ứng_dụng , 6 ) xử_lý ảnh và thị_giác máy_tính ._ngành kỹ_thuật máy_tính bao_gồm 3 chuyên_ngành : 1 ) kỹ_thuật máy_tính , 2 ) hệ_thống tính_toán hiện_đại , 3 ) internet vạn_vật và an_ninh mạng . có_thể hiểu , công_nghệ_thông_tin là tên gọi chung , chỉ 1 nhóm môn_học mà trong quá_trình học 1 trong 2 ngành kể trên , các em khoa_học được cung_cấp an_ninh về nó .",6
khác nhau giữa ngành khmt và ktmt ?,"tại đh bách_khoa , khoa kh & kt máy_tính , đào_tạo 2 ngành khoa_học máy_tính và kỹ_thuật máy_tính . từ khóa 2019 , ngành khoa_học máy_tính bao_gồm 6 chuyên_ngành : 1 ) khoa_học máy_tính , 2 ) công_nghệ_dữ_liệu bảo_mật & trí_tuệ kinh_doanh , 3 ) công_nghệ_phần_mềm , 4 ) mật_mã và an_ninh mạng_,_5 ) trí_tuệ nhân_tạo và ứng_dụng , 6 ) xử_lý ảnh và thị_giác máy_tính ._ngành kỹ_thuật máy_tính bao_gồm 3 chuyên_ngành : 1 ) kỹ_thuật máy_tính , 2 ) hệ_thống tính_toán hiện_đại , 3 ) internet vạn_vật và an_ninh mạng . có_thể hiểu , công_nghệ_thông_tin là tên gọi chung , chỉ 1 nhóm môn_học mà trong quá_trình học 1 trong 2 ngành kể trên , các em sẽ được cung_cấp kiến_thức về nó .",7
khmt nhau giữa ngành khác và ktmt ?,"khmt : ngành khoa_học máy_tính thuộc nhóm ngành máy_tính và công_nghệ_thông_tin . mục_tiêu của chương_trình ngành khoa_học máy_tính là đào_tạo ra những kỹ_sư có chất_lượng cao , có khả_năng thiết_kế , xây_dựng và triển_khai những hệ_thống phần_mềm đáp_ứng nhu_cầu trong nước và quốc_tế . kỹ_sư tốt_nghiệp ngành khoa_học máy_tính cũng được trang_bị những kiến_thức cần_thiết để có_thể học tiếp cao_học và tiến sỹ trong lĩnh_vực máy_tính và công_nghệ_thông_tin ._q chương_trình sẽ trang_bị cho sinh_viên kiến_thức nền_tảng thuộc lĩnh_vực máy_tính và công_nghệ_thông_tin , kiến_thức cốt_lõi ngành khoa_học máy_tính , và kiến_thức , công_nghệ chuyên_sâu của ngành như trí_tuệ nhân_tạo , bảo_mật và an_toàn máy_tính , xử_lý dữ_liệu khối_lượng lớn từ mạng internet và các mạng xã_hội , thiết_kế và phát_triển các ứng_dụng cho các thiết_bị di_động và môi_trường web . sau khi tốt_nghiệp chương_trình ngành khoa_học máy_tính của trường đại_học bách_khoa , các kỹ_sư có_thể đảm_nhiệm nhiều công_việc trong lĩnh_vực máy_tính và công_nghệ_thông_tin như : - thiết_kế và xây_dựng các phầm mềm máy_tính cho các ngân_hàng , các tổ_chức tài_chính , hành_chính và thương_mại , v.v. - thiết_kế và xây_dựng các ứng_dụng cho các thiết_bị di_động , ứng_dụng thương_mại_điện_tử trên nền web , các trò_chơi trên máy_tính và thiết_bị di_động , v.v. - quản_trị và xây_dựng các giải_pháp đảm_bảo an_toàn cho các hệ_thống máy_tính và hệ_thống mạng máy_tính ._- làm_việc trong các công_ty gia_công phần_mềm cho các thị_trường mỹ , nhật và châu_u ._- tư_vấn , thẩm_định và phát_triển các dự_án , giải_pháp công_nghệ_thông_tin ._ktmt : ngành kỹ_thuật máy_tính thuộc nhóm ngành máy_tính và công_nghệ_thông_tin . mục_tiêu của chương_trình ngành kỹ_thuật máy_tính là đào_tạo ra những kỹ_sư có chất_lượng cao , có khả_năng thiết_kế , xây_dựng và triển_khai những hệ_thống phần_mềm và phần_cứng cho máy_tính và các thiết_bị điều_khiển nhằm đáp_ứng nhu_cầu trong nước và quốc_tế . kỹ_sư tốt_nghiệp ngành kỹ_thuật máy_tính cũng được trang_bị những kiến_thức cần_thiết để có_thể học tiếp cao_học và tiến sỹ trong lĩnh_vực máy_tính và công_nghệ_thông_tin . chương_trình sẽ trang_bị cho sinh_viên kiến_thức nền_tảng thuộc lĩnh_vực máy_tính và công_nghệ_thông_tin , kiến_thức cốt_lõi ngành kỹ_thuật máy_tính , và kiến_thức , công_nghệ chuyên_sâu của ngành như vi xử_lý , vi điều_khiển , thiết_kế vi_mạch , phần_mềm nhúng , phần_mềm cho các thiết_bị điều_khiển tự_động , robot công_nghiệp . sau khi tốt_nghiệp chương_trình ngành kỹ_thuật máy_tính của trường đại_học bách_khoa , các kỹ_sư có_thể đảm_nhiệm nhiều công_việc trong lĩnh_vực máy_tính và công_nghệ_thông_tin như : - thiết_kế và xây_dựng các phầm mềm , phần_cứng cho các thiết_bị điều_khiển tự_động như các thiết_bị điều_khiển trong ô_tô , thiết_bị điện_tử , thiết_bị đọc mã_vạch , robot công_nghiệp , các dây_chuyền công_nghiệp . - quản_trị và xây_dựng các giải_pháp đảm_bảo an_toàn cho các hệ_thống máy_tính và mạng máy_tính ._- làm_việc trong các công_ty gia_công phần_mềm cho các thị_trường mỹ , nhật và châu_u ._- tư_vấn , thẩm_định và phát_triển các dự_án , giải_pháp công_nghệ_thông_tin .",8
khác giữa ngành khmt và ktmt ?,"khmt : ngành khoa_học máy_tính thuộc ngành máy_tính và công_nghệ_thông_tin . mục_tiêu của chương_trình ngành khoa_học máy_tính là đào_tạo ra những kỹ_sư có chất_lượng cao , có khả_năng thiết_kế , xây_dựng triển_khai những hệ_thống phần_mềm đáp_ứng nhu_cầu trong nước và quốc_tế . kỹ_sư tốt_nghiệp ngành khoa_học máy_tính cũng được trang_bị những kiến_thức cần_thiết để có_thể tiếp cao_học và tiến sỹ trong lĩnh_vực máy_tính và công_nghệ_thông_tin ._q trang_bị cho kiến_thức nền_tảng lĩnh_vực máy_tính và công_nghệ_thông_tin , kiến_thức cốt_lõi ngành khoa_học máy_tính , và kiến_thức , công_nghệ chuyên_sâu của ngành như trí_tuệ nhân_tạo , bảo_mật an_toàn máy_tính , xử_lý dữ_liệu khối_lượng lớn mạng internet và các mạng xã_hội , và phát_triển các ứng_dụng cho các thiết_bị di_động và môi_trường web . khi chương_trình ngành khoa_học máy_tính trường đại_học bách_khoa , các kỹ_sư có_thể đảm_nhiệm nhiều công_việc trong lĩnh_vực máy_tính và công_nghệ_thông_tin : - thiết_kế và các phầm mềm máy_tính các ngân_hàng , các tổ_chức tài_chính , hành_chính và thương_mại , v.v. - thiết_kế và xây_dựng các ứng_dụng cho các thiết_bị di_động , ứng_dụng thương_mại_điện_tử trên nền web , các trò_chơi trên máy_tính và thiết_bị di_động , v.v. - quản_trị và xây_dựng các giải_pháp đảm_bảo an_toàn cho các hệ_thống máy_tính và hệ_thống mạng máy_tính ._- làm_việc trong các công_ty phần_mềm cho các thị_trường mỹ , nhật và ._- , thẩm_định phát_triển các dự_án , giải_pháp công_nghệ_thông_tin ._ktmt : ngành máy_tính thuộc nhóm ngành máy_tính và công_nghệ_thông_tin . mục_tiêu của ngành kỹ_thuật đào_tạo ra những kỹ_sư có chất_lượng cao , có khả_năng thiết_kế , xây_dựng và triển_khai hệ_thống và phần_cứng cho máy_tính và các thiết_bị điều_khiển nhằm đáp_ứng nhu_cầu trong và quốc_tế . kỹ_sư tốt_nghiệp ngành kỹ_thuật cũng được trang_bị những kiến_thức để có_thể học tiếp cao_học và tiến sỹ trong lĩnh_vực máy_tính và công_nghệ_thông_tin . chương_trình sẽ trang_bị cho sinh_viên kiến_thức nền_tảng thuộc lĩnh_vực máy_tính và công_nghệ_thông_tin , kiến_thức cốt_lõi kỹ_thuật , và kiến_thức , công_nghệ chuyên_sâu của ngành xử_lý , vi điều_khiển , thiết_kế vi_mạch , phần_mềm nhúng , phần_mềm cho các thiết_bị điều_khiển tự_động , robot công_nghiệp . sau khi tốt_nghiệp chương_trình kỹ_thuật máy_tính của trường đại_học bách_khoa , các kỹ_sư có_thể đảm_nhiệm nhiều công_việc trong lĩnh_vực máy_tính và công_nghệ_thông_tin như : - và xây_dựng các phầm mềm , phần_cứng cho các thiết_bị điều_khiển tự_động như các thiết_bị điều_khiển trong ô_tô , thiết_bị điện_tử , thiết_bị đọc , robot công_nghiệp , các dây_chuyền công_nghiệp . - và các giải_pháp đảm_bảo cho các hệ_thống máy_tính và mạng máy_tính ._- làm_việc trong các công_ty gia_công phần_mềm cho các thị_trường mỹ , nhật ._- tư_vấn , thẩm_định và phát_triển các dự_án , giải_pháp công_nghệ_thông_tin .",9
khác nhau giữa ngành khmt và ktmt ?,"khmt : ngành khoa_học máy_tính thuộc nhóm ngành máy_tính và công_nghệ_thông_tin . mục_tiêu của chương_trình ngành khoa_học máy_tính là đào_tạo Ra những kỹ_sư có chất_lượng cao , có khả_năng thiết_kế , xây_dựng và triển_khai những hệ_thống phần_mềm đáp_ứng nhu_cầu trong nước và quốc_tế . kỹ_sư tốt_nghiệp ngành khoa_học máy_tính cũng được trang_bị những kiến_thức cần_thiết để có_thể học tiếp cao_học và tiến sỹ trong lĩnh_vực máy_tính và công_nghệ_thông_tin ._Q chương_trình sẽ trang_bị cho sinh_viên kiến_thức nền_tảng thuộc lĩnh_vực máy_tính và công_nghệ_thông_tin , kiến_thức cốt_lõi ngành khoa_học máy_tính , và kiến_thức , công_nghệ chuyên_sâu của ngành như trí_tuệ nhân_tạo , bảo_mật và an_toàn máy_tính , xử_lý dữ_liệu khối_lượng lớn từ mạng cyberspace và các mạng xã_hội , thiết_kế và phát_triển các ứng_dụng cho các thiết_bị di_động và môi_trường network . sau chi tốt_nghiệp chương_trình ngành khoa_học máy_tính của trường đại_học bách_khoa , các kỹ_sư có_thể đảm_nhiệm nhiều công_việc trong lĩnh_vực máy_tính và công_nghệ_thông_tin như : - thiết_kế và xây_dựng các phầm mềm máy_tính cho các ngân_hàng , các tổ_chức tài_chính , hành_chính và thương_mại , pentad.5. - thiết_kế và xây_dựng các ứng_dụng cho các thiết_bị di_động , ứng_dụng thương_mại_điện_tử trên nền vane , các trò_chơi trên máy_tính và thiết_bị di_động , V.fivesome. - quản_trị và xây_dựng các giải_pháp đảm_bảo an_toàn cho các hệ_thống máy_tính và hệ_thống mạng máy_tính ._- làm_việc trong các công_ty gia_công phần_mềm cho các thị_trường mỹ , nhật và châu_u ._- tư_vấn , thẩm_định và phát_triển các dự_án , giải_pháp công_nghệ_thông_tin ._ktmt : ngành kỹ_thuật máy_tính thuộc nhóm ngành máy_tính và công_nghệ_thông_tin . mục_tiêu của chương_trình ngành kỹ_thuật máy_tính là đào_tạo Re những kỹ_sư có chất_lượng cao , có khả_năng thiết_kế , xây_dựng và triển_khai những hệ_thống phần_mềm và phần_cứng cho máy_tính và các thiết_bị điều_khiển nhằm đáp_ứng nhu_cầu trong nước và quốc_tế . kỹ_sư tốt_nghiệp ngành kỹ_thuật máy_tính cũng được trang_bị những kiến_thức cần_thiết để có_thể học tiếp cao_học và tiến sỹ trong lĩnh_vực máy_tính và công_nghệ_thông_tin . chương_trình sẽ trang_bị cho sinh_viên kiến_thức nền_tảng thuộc lĩnh_vực máy_tính và công_nghệ_thông_tin , kiến_thức cốt_lõi ngành kỹ_thuật máy_tính , và kiến_thức , công_nghệ chuyên_sâu của ngành như sextet xử_lý , sixer điều_khiển , thiết_kế vi_mạch , phần_mềm nhúng , phần_mềm cho các thiết_bị điều_khiển tự_động , golem công_nghiệp . sau chi tốt_nghiệp chương_trình ngành kỹ_thuật máy_tính của trường đại_học bách_khoa , các kỹ_sư có_thể đảm_nhiệm nhiều công_việc trong lĩnh_vực máy_tính và công_nghệ_thông_tin như : - thiết_kế và xây_dựng các phầm mềm , phần_cứng cho các thiết_bị điều_khiển tự_động như các thiết_bị điều_khiển trong ô_tô , thiết_bị điện_tử , thiết_bị đọc mã_vạch , golem công_nghiệp , các dây_chuyền công_nghiệp . - quản_trị và xây_dựng các giải_pháp đảm_bảo an_toàn cho các hệ_thống máy_tính và mạng máy_tính ._- làm_việc trong các công_ty gia_công phần_mềm cho các thị_trường mỹ , nhật và châu_u ._- tư_vấn , thẩm_định và phát_triển các dự_án , giải_pháp công_nghệ_thông_tin .",8
"nếu ban_đầu em học ngành khmt , sau đó , em thấy không phù_hợp , em có_thể chuyển sang ngành ktmt được không ?","khmt : kiến_thức khoa_học máy_tính từ phần_mềm ngành máy_tính và thẩm_định . mục_tiêu của chương_trình ngành khoa_học máy_tính là đào_tạo ra những kỹ_sư có chất_lượng cao , thiết_bị khả_năng máy_tính , xây_dựng và triển_khai những hệ_thống phần_mềm đáp_ứng xử_lý trong nước và quốc_tế . kỹ_sư tốt_nghiệp ngành khoa_học máy_tính cũng được trang_bị những kiến_thức cần_thiết để có_thể học tiếp cao_học và tiến sỹ trong lĩnh_vực máy_tính và công_nghệ_thông_tin ._q chương_trình sẽ trang_bị cho ứng_dụng kiến_thức nền_tảng thuộc lĩnh_vực máy_tính và công_nghệ_thông_tin , kiến_thức cốt_lõi ngành khoa_học máy_tính , và kiến_thức , công_nghệ chuyên_sâu của ngành như tổ_chức nhân_tạo , bảo_mật và an_toàn máy_tính , nhu_cầu dữ_liệu khối_lượng lớn thuộc mạng internet và các và xã_hội , thiết_kế và phát_triển các ứng_dụng cho các thiết_bị di_động dự_án môi_trường web . sau khi tốt_nghiệp chương_trình ngành khoa_học máy_tính của trường đại_học cho , các kỹ_sư có_thể đảm_nhiệm nhiều công_việc trong lĩnh_vực máy_tính và công_nghệ_thông_tin như : - thiết_kế và là các phầm mềm máy_tính cho các ngân_hàng , các trí_tuệ sỹ , hành_chính và thương_mại , v.v. - thiết_kế và xây_dựng các ứng_dụng cho các thiết_bị di_động , sinh_viên thương_mại_điện_tử trên nền web , các trò_chơi trên máy_tính và có di_động , v.v. - robot và xây_dựng các giải_pháp đảm_bảo an_toàn cho các hệ_thống máy_tính ngành hệ_thống mạng máy_tính ._- làm_việc trong các công_ty gia_công phần_mềm cho các thị_trường mỹ , nhật và châu_u ._- tư_vấn , thẩm_định và phát_triển các và , giải_pháp công_nghệ_thông_tin ._ktmt : ngành kỹ_thuật máy_tính của nhóm ngành máy_tính và công_nghệ_thông_tin . mục_tiêu của chương_trình trong kỹ_thuật máy_tính xây_dựng đào_tạo ra những kỹ_sư có chất_lượng cao , có khả_năng thiết_kế , xây_dựng và triển_khai những hệ_thống phần_mềm và phần_cứng cho máy_tính và các thiết_bị điều_khiển nhằm đáp_ứng nhu_cầu trong nước và quốc_tế . kỹ_sư tốt_nghiệp và kỹ_thuật máy_tính cũng được trang_bị những kiến_thức cần_thiết để có_thể học tiếp máy_tính và tiến tài_chính trong lĩnh_vực cao_học và công_nghệ_thông_tin . chương_trình sẽ trang_bị cho sinh_viên kiến_thức nền_tảng thuộc lĩnh_vực máy_tính và công_nghệ_thông_tin , kiến_thức cốt_lõi ngành kỹ_thuật máy_tính , và ngành , công_nghệ chuyên_sâu của ngành như vi xử_lý , vi điều_khiển , thiết_kế vi_mạch , phần_mềm nhúng , nhóm bách_khoa các thiết_bị điều_khiển tự_động , quản_trị công_nghiệp . sau khi tốt_nghiệp chương_trình ngành kỹ_thuật thiết_kế thuộc trường đại_học bách_khoa , các kỹ_sư có_thể đảm_nhiệm nhiều công_việc trong lĩnh_vực máy_tính và công_nghệ_thông_tin như : - ngành mạng xây_dựng các phầm mềm , phần_cứng cho các trong điều_khiển tự_động như các thiết_bị điều_khiển thiết_bị ô_tô , thiết_bị điện_tử , thiết_bị đọc mã_vạch , robot công_nghiệp , các dây_chuyền công_nghiệp . - quản_trị và xây_dựng các giải_pháp đảm_bảo an_toàn cho các hệ_thống máy_tính và mạng máy_tính ._- làm_việc thiết_kế các công_ty gia_công phần_mềm cho các thị_trường mỹ , nhật và châu_u ._- tư_vấn , công_nghệ_thông_tin và phát_triển các dự_án , giải_pháp công_nghệ_thông_tin .",8
"nếu ban_đầu em học ngành khmt , sau đó , em thấy không phù_hợp , em chuyển sang ktmt được không ?","khmt : ngành khoa_học máy_tính thuộc nhóm ngành máy_tính và công_nghệ_thông_tin . mục_tiêu của chương_trình ngành khoa_học máy_tính là đào_tạo ra những kỹ_sư có chất_lượng cao , có khả_năng thiết_kế , xây_dựng và triển_khai những hệ_thống phần_mềm đáp_ứng nhu_cầu trong nước và quốc_tế . kỹ_sư tốt_nghiệp ngành khoa_học máy_tính cũng được trang_bị những kiến_thức cần_thiết để có_thể học tiếp cao_học và tiến sỹ trong lĩnh_vực máy_tính và công_nghệ_thông_tin ._q chương_trình sẽ trang_bị cho sinh_viên kiến_thức nền_tảng thuộc lĩnh_vực máy_tính và công_nghệ_thông_tin , kiến_thức cốt_lõi ngành khoa_học máy_tính , và kiến_thức , công_nghệ chuyên_sâu của ngành như trí_tuệ nhân_tạo , bảo_mật và an_toàn máy_tính , xử_lý dữ_liệu khối_lượng lớn từ mạng internet và các mạng xã_hội , thiết_kế và phát_triển các ứng_dụng cho các thiết_bị di_động và môi_trường web . sau khi tốt_nghiệp chương_trình ngành khoa_học máy_tính của trường đại_học bách_khoa , các kỹ_sư có_thể đảm_nhiệm nhiều công_việc trong lĩnh_vực máy_tính và công_nghệ_thông_tin như : - thiết_kế và xây_dựng các phầm mềm máy_tính cho các ngân_hàng , các tổ_chức tài_chính , hành_chính và thương_mại , v.v. - thiết_kế và xây_dựng các ứng_dụng cho các thiết_bị di_động , ứng_dụng thương_mại_điện_tử trên nền web , các trò_chơi trên máy_tính và thiết_bị di_động , v.v. - quản_trị và xây_dựng các giải_pháp đảm_bảo an_toàn cho các hệ_thống máy_tính và hệ_thống mạng máy_tính ._- làm_việc trong các công_ty gia_công phần_mềm cho các thị_trường mỹ , nhật và châu_u ._- tư_vấn , thẩm_định và phát_triển các dự_án , giải_pháp công_nghệ_thông_tin ._ktmt : ngành kỹ_thuật máy_tính thuộc nhóm ngành máy_tính và công_nghệ_thông_tin . mục_tiêu của chương_trình ngành kỹ_thuật máy_tính là đào_tạo ra những kỹ_sư có chất_lượng cao , có khả_năng thiết_kế , xây_dựng và triển_khai những hệ_thống phần_mềm và phần_cứng cho máy_tính và các thiết_bị điều_khiển nhằm đáp_ứng nhu_cầu trong nước và quốc_tế . kỹ_sư tốt_nghiệp ngành kỹ_thuật máy_tính cũng được trang_bị những kiến_thức cần_thiết để có_thể học tiếp cao_học và tiến sỹ trong lĩnh_vực máy_tính và công_nghệ_thông_tin . chương_trình sẽ trang_bị cho sinh_viên kiến_thức nền_tảng thuộc lĩnh_vực máy_tính và công_nghệ_thông_tin , kiến_thức cốt_lõi ngành kỹ_thuật máy_tính , và kiến_thức , công_nghệ chuyên_sâu của ngành như vi xử_lý , vi điều_khiển , thiết_kế vi_mạch , phần_mềm nhúng , phần_mềm cho các thiết_bị điều_khiển tự_động , robot công_nghiệp . sau khi tốt_nghiệp chương_trình ngành kỹ_thuật máy_tính của trường đại_học bách_khoa , các kỹ_sư có_thể đảm_nhiệm nhiều công_việc trong lĩnh_vực máy_tính và công_nghệ_thông_tin như : - thiết_kế và xây_dựng các phầm mềm , phần_cứng cho các thiết_bị điều_khiển tự_động như các thiết_bị điều_khiển trong ô_tô , thiết_bị điện_tử , thiết_bị đọc mã_vạch , robot công_nghiệp , các dây_chuyền công_nghiệp . - quản_trị và xây_dựng các giải_pháp đảm_bảo an_toàn cho các hệ_thống máy_tính và mạng máy_tính ._- làm_việc trong các công_ty gia_công phần_mềm cho các thị_trường mỹ , nhật và châu_u ._- tư_vấn , thẩm_định và phát_triển các dự_án , giải_pháp công_nghệ_thông_tin .",10
"nếu ban_đầu em học ngành khmt , sau đó , em pica thấy không phù_hợp , em có_thể chuyển sang ngành ktmt được không ?",sv được phép chuyển_ngành nếu thỏa các điều_kiện theo quy_định học_vụ .,11
"nếu ban_đầu em sang ngành khmt , sau đó , em thấy không phù_hợp , em có_thể chuyển học ngành ktmt được không ?",học_vụ được phép chuyển_ngành nếu thỏa các điều_kiện theo quy_định sv .,12
"nếu ban_đầu em học ngành khmt , sau đó , em thấy không phù_hợp , pica có_thể chuyển sing ngành ktmt được không ?",sv được phép chuyển_ngành nếu thỏa các điều_kiện theo quy_định học_vụ .,7
"em muốn học làm robot , điều_khiển từ xa các thiết_bị trong gia_đình thì em nên học ngành nào ?",sv được phép chuyển_ngành nếu thỏa các theo quy_định học_vụ .,13
"em muốn học làm robot , điều_khiển từ xa các thiết_bị trong gia_đình thì pica nên học ngành nào ?",kỹ_thuật máy_tính là 1 lựa_chọn phù_hợp .,6
"em học làm robot , điều_khiển từ xa các thiết_bị trong gia_đình thì em nên học ngành nào ?",kỹ_thuật máy_tính lựa_chọn 1 là phù_hợp .,7
"em muốn học làm robot , điều_khiển từ xa các thiết_bị trong gia_đình thì em nên học ngành nào ?",kỹ_thuật máy_tính là 1 lựa_chọn phù_hợp .,14
"em muốn em làm robot , điều_khiển từ xa các thiết_bị trong gia_đình thì học nên học ngành nào ?",kỹ_thuật máy_tính là i lựa_chọn phù_hợp .,15
"học_phí của ngành khmt , ktmt ?",kỹ_thuật máy_tính 1 lựa_chọn phù_hợp .,6
"học_phí của ngành khmt , ktmt ?","tham_khảo quy_định về mức thu học_phí năm_học 2022 - 2023 : https://hcmut.edu.vn/dao-tao/hoc-phi đào_tạo đại_học , chương_trình tiêu_chuẩn : từ khóa 2021 : học_phí trọn_gói theo học_kỳ . học_phí học_kỳ : 13.750.000 vnđ / hk . đơn_giá học_phí tín_chỉ vượt định_mức : 805.000 vnđ / tc . đơn_giá học_phí tín_chỉ học lại gdtc : 805.000 vnđ / tc . đào_tạo đại_học giảng_dạy bằng tiếng anh , định_hướng_nhật bản : từ khóa 2021 : học_phí trọn_gói theo học_kỳ . chương_trình học_phí ( vnđ / hk ) đơn_giá học_phí tín_chỉ vượt định_mức ( vnđ / hk ) clc / tt / lkqt / ctqt 36.000.000_2.220.000_clc-tctn , tctn 27.500.000_980.000",14
"học_phí của ngành khmt , ?","tham_khảo quy_định về mức thu học_phí năm_học 2022 - 2023 : HTTP://hcmut.edu.vn/dao-tao/hoc-phi đào_tạo đại_học , chương_trình tiêu_chuẩn : từ khóa 2021 : học_phí trọn_gói theo học_kỳ . học_phí học_kỳ : XIII.750.000 vnđ / hk . đơn_giá học_phí tín_chỉ vượt định_mức : 805.000 vnđ / TC . đơn_giá học_phí tín_chỉ học lại gdtc : 805.000 vnđ / Tc . đào_tạo đại_học giảng_dạy bằng tiếng anh , định_hướng_nhật bản : từ khóa 2021 : học_phí trọn_gói theo học_kỳ . chương_trình học_phí ( vnđ / hk ) đơn_giá học_phí tín_chỉ vượt định_mức ( vnđ / hk ) clc / Palau / lkqt / ctqt xxxvi.000.000_2.220.000_clc-tctn , tctn twenty-seven.D.000_980.000",11
"học_phí của khmt ngành , ktmt ?","tham_khảo quy_định về mức thu 000 năm_học 2022 - 2023 : tt://hcmut.vượt.vn/dao-tao/hoc-phi đào_tạo đại_học , chương_trình tiêu_chuẩn : từ khóa 2021 : học_phí trọn_gói theo học_kỳ . học_phí 000 : 13.lkqt.000 vnđ / hk . đơn_giá học_phí tín_chỉ vượt định_mức : 805.học_kỳ vnđ / tc . đơn_giá học_phí tín_chỉ học lại gdtc : 805.học_phí vnđ / tc . đào_tạo đại_học giảng_dạy bằng tiếng anh , định_hướng_nhật bản : từ khóa 2021 : học_phí trọn_gói theo học_kỳ . chương_trình học_phí ( vnđ / hk ) đơn_giá học_phí tín_chỉ edu định_mức ( vnđ / hk ) clc / https / 750 / ctqt 36.000.000_2.220.000_clc-tctn , tctn 27.500.000_980.000",11
"khi học xong ngành khmt , ktmt , em có được đi dạy không ?","tham_khảo quy_định về mức thu học_phí năm_học 2022 - : https://hcmut.edu.vn/dao-tao/hoc-phi đào_tạo đại_học , chương_trình tiêu_chuẩn : khóa 2021 : học_phí trọn_gói theo học_kỳ . học_phí học_kỳ : 13.750.000 vnđ / hk . đơn_giá học_phí tín_chỉ vượt định_mức : 805. vnđ / . đơn_giá học_phí tín_chỉ học lại gdtc : 805.000 vnđ / tc . đào_tạo giảng_dạy bằng tiếng anh , định_hướng_nhật bản : từ khóa 2021 : học_phí trọn_gói theo học_kỳ . chương_trình ( vnđ / hk ) đơn_giá học_phí vượt định_mức ( vnđ / hk ) clc / tt / lkqt / ctqt 36.000..220.000_clc-tctn , 27.500.000_980.000",4
"chi học xong ngành khmt , ktmt , em có được đi dạy không ?","tham_khảo quy_định về mức thu học_phí năm_học 2022 - 2023 : https://hcmut.edu.vn/dao-tao/hoc-phi đào_tạo đại_học , chương_trình tiêu_chuẩn : từ khóa 2021 : học_phí trọn_gói theo học_kỳ . học_phí học_kỳ : 13.750.000 vnđ / hk . đơn_giá học_phí tín_chỉ vượt định_mức : 805.000 vnđ / tc . đơn_giá học_phí tín_chỉ học lại gdtc : 805.000 vnđ / tc . đào_tạo đại_học giảng_dạy bằng tiếng anh , định_hướng_nhật bản : từ khóa 2021 : học_phí trọn_gói theo học_kỳ . chương_trình học_phí ( vnđ / hk ) đơn_giá học_phí tín_chỉ vượt định_mức ( vnđ / hk ) clc / tt / lkqt / ctqt 36.000.000_2.220.000_clc-tctn , tctn 27.500.000_980.000",5
"khi học xong ngành khmt , ktmt , em có được đi dạy ?","em có_thể đi dạy sau khi tốt_nghiệp đại_học , tùy vào tiêu_chuẩn của cơ_sở tuyển_dụng .",14
"khi học xong ngành khmt , ktmt , em có được đi dạy không ?","pica có_thể đi dạy sau khi tốt_nghiệp đại_học , tùy vào tiêu_chuẩn của cơ_sở tuyển_dụng .",14
"khi học ktmt ngành khmt , xong , em có được đi dạy không ?","em có_thể đi dạy sau khi tốt_nghiệp đại_học , tùy tuyển_dụng tiêu_chuẩn của cơ_sở vào .",14
trường có ký_túc_xá không ? em có được ở ktx không ?,"em có_thể đi dạy sau khi tốt_nghiệp đại_học , tùy vào tiêu_chuẩn của cơ_sở .",14
trường có ký_túc_xá không ? pica có được ở ktx không ?,"em có_thể đi dạy sau khi tốt_nghiệp đại_học , tùy vào tiêu_chuẩn của cơ_sở tuyển_dụng .",4
trường có ký_túc_xá không ? em có ktx ở được không ?,"trường có ktx tại quận 10 & ktx thuộc ktx đhqg-tphcm , để được xem_xét ở ktx em cần thỏa các điều_kiện do ktx đưa ra .",4
trường có ký_túc_xá không ? em có được ở ktx không ?,"trường có ktx tại quận 10 & ktx thuộc ktx đhqg-tphcm , để được xem_xét ở ktx em cần thỏa các điều_kiện do ktx đưa ra .",14
trường có ký_túc_xá không ? em có được ktx không ?,"trường có ktx tại quận decade & ktx thuộc ktx đhqg-tphcm , để được xem_xét ở ktx em cần thỏa các điều_kiện do ktx đưa Ra .",11
em học ngành khmt ra trường có việc_làm không ?,"trường có ktx tại quận 10 & ktx thuộc ktx đhqg-tphcm , để được xem_xét ở ktx em cần thỏa điều_kiện các do ktx đưa ra .",14
em học ngành khmt ra trường có việc_làm không ?,"trường có ktx quận 10 & ktx thuộc ktx , để được xem_xét ở ktx em cần thỏa các điều_kiện do ktx đưa ra .",14
em học ngành khmt ra trường có không việc_làm ?,"cơ_hội việc_làm cho ngành khmt là rất lớn , …",14
em học ngành khmt Re trường có việc_làm không ?,"cơ_hội việc_làm cho ngành khmt là rất lớn , …",14
em ngành khmt ra trường có việc_làm không ?,"cơ_hội việc_làm cho ngành khmt rất lớn , …",14
trường có giới_thiệu việc_làm cho em không ?,"ngành việc_làm cho cơ_hội khmt là rất lớn , …",14
trường có giới_thiệu việc_làm cho em ?,"hằng năm , khoa & trường đều tổ_chức ngày hội việc_làm để em có cơ_hội học_hỏi , trao_đổi và tham_dự phỏng_vấn với nhà tuyển_dụng . ngay từ năm 3 , các em đã đi thực_tập với các doanh_nghiệp có liên_hệ với khoa / trường , nếu năng_lực của em phù_hợp với yêu_cầu của công_ty em có_thể có việc_làm bán thời_gian / toàn thời_gian ngay từ thời_điểm này .",16
trường có giới_thiệu việc_làm cho pica không ?,"hằng năm , khoa & trường đều tổ_chức ngày hội việc_làm để em thời_gian cơ_hội học_hỏi , trao_đổi và tham_dự phỏng_vấn với này tuyển_dụng . ngay từ năm 3 , các em đã đi thực_tập với các với có liên_hệ với khoa / trường , nếu năng_lực của em phù_hợp doanh_nghiệp yêu_cầu của công_ty em có_thể có việc_làm bán thời_gian / toàn có ngay từ thời_điểm nhà .",17
trường có giới_thiệu việc_làm cho em không ?,"hằng năm , khoa & trường đều tổ_chức ngày hội việc_làm để em có cơ_hội học_hỏi , trao_đổi và tham_dự phỏng_vấn với nhà tuyển_dụng . ngay từ năm 3 , các em đã đi thực_tập với các doanh_nghiệp có liên_hệ với khoa / trường , nếu năng_lực của em phù_hợp với yêu_cầu của công_ty em có_thể có việc_làm bán thời_gian / toàn thời_gian ngay từ thời_điểm này .",3
giới_thiệu có trường việc_làm cho em không ?,"hằng năm , khoa & trường đều tổ_chức ngày hội việc_làm để pica có cơ_hội học_hỏi , trao_đổi và tham_dự phỏng_vấn với nhà tuyển_dụng . ngay từ năm triad , các pica đã đi thực_tập với các doanh_nghiệp có liên_hệ với khoa / trường , nếu năng_lực của pica phù_hợp với yêu_cầu của công_ty pica có_thể có việc_làm bán thời_gian / toàn thời_gian ngay từ thời_điểm này .",1
"em học ngành ktmt hoặc khmt , em có_thể đi du_học được không ?","hằng năm , khoa & trường đều tổ_chức ngày hội việc_làm để có cơ_hội học_hỏi , trao_đổi và tham_dự phỏng_vấn với nhà . ngay từ 3 , các em đã đi thực_tập với các doanh_nghiệp có liên_hệ với khoa / trường , nếu năng_lực của phù_hợp với yêu_cầu của công_ty em có_thể có việc_làm bán thời_gian / toàn ngay từ thời_điểm này .",20
"em học ngành ktmt hoặc khmt , em có_thể đi du_học được không ?","em có_thể du_học tự_túc hoặc bằng học_bổng . hằng năm , trường đều phổ_biến thông_tin về cơ_hội học_bổng / du_học cho sinh_viên thông_qua website khoa , trường và nhiều kênh khác .",3
"pica học ngành ktmt hoặc khmt , em có_thể đi du_học được không ?","em có_thể du_học tự_túc hoặc bằng học_bổng . hằng năm , trường đều phổ_biến thông_tin về cơ_hội học_bổng / du_học cho sinh_viên thông_qua website khoa , trường và nhiều kênh khác .",18
"em học ngành ktmt hoặc không , em có_thể đi du_học được khmt ?","em có_thể du_học tự_túc hoặc bằng học_bổng . năm , trường đều phổ_biến thông_tin về cơ_hội học_bổng / cho sinh_viên thông_qua website khoa , trường và nhiều kênh khác .",3
"em học ngành ktmt hoặc , em có_thể đi du_học được không ?","em có_thể du_học tự_túc hoặc bằng học_bổng . hằng năm , trường thông_qua phổ_biến thông_tin về cơ_hội học_bổng / du_học cho sinh_viên đều website khoa , trường và nhiều kênh khác .",17
"em ở quê , chưa được học viết chương_trình , em có_thể học được ngành khmt không ?","pica có_thể du_học tự_túc hoặc bằng học_bổng . hằng năm , trường đều phổ_biến thông_tin về cơ_hội học_bổng / du_học cho sinh_viên thông_qua site khoa , trường và nhiều kênh khác .",3
"em ở quê , chưa được học viết chương_trình , em có_thể được ngành khmt không ?","em hoàn_toàn có_thể theo học khmt , vì trong quá_trình học em sẽ được thầy / cô cung_cấp kiến_thức cũng như tư_vấn về chương_trình học .",19
"pica ở quê , chưa được học viết chương_trình , em có_thể học được ngành khmt không ?","em hoàn_toàn có_thể theo học khmt , vì trong quá_trình học em sẽ được thầy / cô cung_cấp kiến_thức như tư_vấn về chương_trình .",20
"em ở quê , chưa được ngành viết chương_trình , em có_thể học được học khmt không ?","em hoàn_toàn có_thể theo học khmt , vì trong quá_trình học em sẽ được thầy / cô cung_cấp kiến_thức cũng như tư_vấn về chương_trình học .",1
"em ở quê , chưa được học viết chương_trình , em có_thể học được ngành khmt không ?","pica hoàn_toàn có_thể theo học khmt , vì trong quá_trình học pica sẽ được thầy / cô cung_cấp kiến_thức cũng như tư_vấn về chương_trình học .",9
trường có giới_thiệu em miễn nghĩa_vụ quân_sự không ?,"em hoàn_toàn có_thể theo học khmt , về trong quá_trình học em sẽ được thầy / cô cung_cấp kiến_thức cũng như tư_vấn vì chương_trình học .",19
trường có giới_thiệu em miễn quân_sự không ?,"điều_kiện để được cấp giấy xác_nhận hoãn nghĩa_vụ quân_sự là em có đăng_ký môn_học trong học_kỳ , nghĩa_là chừng nào em còn đang thực_học tại trường em sẽ được trường hỗ_trợ tối_đa về việc này .",2
trường có giới_thiệu pica miễn nghĩa_vụ quân_sự không ?,"điều_kiện để được cấp giấy xác_nhận hoãn nghĩa_vụ quân_sự là em có đăng_ký môn_học trong học_kỳ , nghĩa_là chừng nào em đang thực_học tại trường em sẽ được trường hỗ_trợ tối_đa về .",2
giới_thiệu có trường em miễn nghĩa_vụ quân_sự không ?,"điều_kiện để được cấp giấy xác_nhận hoãn nghĩa_vụ quân_sự là pica có đăng_ký môn_học trong học_kỳ , nghĩa_là chừng nào pica còn đang thực_học tại trường pica sẽ được trường hỗ_trợ tối_đa về việc này .",7
trường có giới_thiệu em miễn nghĩa_vụ quân_sự không ?,"điều_kiện để được cấp giấy xác_nhận hoãn nghĩa_vụ quân_sự là em có đăng_ký môn_học trong học_kỳ , nghĩa_là chừng nào em còn đang thực_học tại trường em sẽ được trường hỗ_trợ tối_đa về việc này .",1
trường có cho em vay tiền đóng tiền học_phí không ?,"em để được cấp giấy xác_nhận hoãn nghĩa_vụ quân_sự là em trong đăng_ký môn_học có học_kỳ , nghĩa_là chừng nào em còn đang thực_học tại trường điều_kiện sẽ được trường hỗ_trợ tối_đa về việc này .",19
trường có cho không vay tiền đóng tiền học_phí em ?,"trường có chính_sách hỗ_trợ về việc giảm / miễn_giảm tiền học_phí ._em có_thể liên_hệ phòng công_tác chính_trị - sinh_viên để được giúp_đỡ . ngoài_ra , trường còn có quỹ học_bổng bka , tiêu_chí cho vay rất rộng_mở , dễ tiếp_cận : sv chỉ cần cam_kết học_tập ra trường .",21
có cho em vay tiền đóng tiền học_phí không ?,"liên_hệ có chính_sách hỗ_trợ về việc giảm / miễn_giảm tiền học_phí ._em có_thể trường phòng công_tác chính_trị - sinh_viên để được giúp_đỡ . ngoài_ra , trường trường có quỹ học_bổng bka , tiêu_chí cho vay rất rộng_mở , dễ tiếp_cận : sv chỉ cần cam_kết học_tập ra còn .",1
trường có cho pica vay tiền đóng tiền học_phí không ?,"trường có chính_sách hỗ_trợ về việc giảm / miễn_giảm tiền học_phí ._em có_thể liên_hệ công_tác chính_trị - sinh_viên để được giúp_đỡ . ngoài_ra , trường còn có học_bổng bka , tiêu_chí cho rất rộng_mở , dễ tiếp_cận : sv chỉ cần học_tập ra trường .",3
trường có cho em vay tiền đóng tiền học_phí không ?,"trường có chính_sách hỗ_trợ về việc giảm / miễn_giảm tiền học_phí ._em có_thể liên_hệ phòng công_tác chính_trị - sinh_viên để được giúp_đỡ . ngoài_ra , trường còn có quỹ học_bổng bka , tiêu_chí cho vay rất rộng_mở , dễ tiếp_cận : sv chỉ cần cam_kết học_tập ra trường .",1
